,model_name,model_type,expected_return,portfolio_volatility,sharpe_ratio,num_assets_selected
0,etf_basic_mv,mean-variance,0.009873309749282303,0.03322313822633328,0.29718173166003126,
1,etf_constrained_mv,constrained-mean-variance,0.006528933407302499,0.030282867112403862,0.2155982583507837,
2,etf_integer_mv,integer-constrained,0.006394779074884365,0.029201347031675377,0.2189891811479724,6.0
