,Weight,Asset_Class
AGG,0.057262658203638135,US Aggregate Bonds
BNDX,0.1999999028287236,International Bonds
EEM,1.1473621697173062e-08,Emerging Markets
GLD,0.19999999825035297,Gold
GSG,3.3335652888819104e-08,Commodities
LQD,7.235779879889584e-07,Corporate Bonds
SLV,0.09999804157744355,Silver
SPY,0.19999999832095117,US Equities
TLT,4.663024051259735e-09,Long-Term Treasury
VGK,0.1999998908485724,European Equities
VNQ,1.9034273951710513e-06,Real Estate
VPL,0.042736833492636156,Asia-Pacific
