,Weight,Asset_Class
AGG,0.057263768986554574,US Aggregate Bonds
BNDX,0.19999990283637525,International Bonds
EEM,1.1472640335544139e-08,Emerging Markets
GLD,0.1999999982504455,Gold
GSG,3.3333449151223187e-08,Commodities
LQD,7.234903488081068e-07,Corporate Bonds
SLV,0.09999804161301533,Silver
SPY,0.19999999832107568,US Equities
TLT,4.6627408417509325e-09,Long-Term Treasury
VGK,0.1999998908679803,European Equities
VNQ,1.9033952880045165e-06,Real Estate
VPL,0.04273572277008651,Asia-Pacific
