,Weight,Asset_Class
AGG,7.992282509112091e-11,US Aggregate Bonds
BNDX,8.166673120945665e-11,International Bonds
EEM,7.938240226605108e-11,Emerging Markets
GLD,0.4022577603454615,Gold
GSG,1.1993409637654947e-10,Commodities
LQD,8.442859265555294e-11,Corporate Bonds
SLV,1.2195941168623994e-09,Silver
SPY,0.5977422375163244,US Equities
TLT,5.925393941775083e-11,Long-Term Treasury
VGK,1.5459736357336575e-10,European Equities
VNQ,1.433432402338998e-10,Real Estate
VPL,1.16091135166353e-10,Asia-Pacific
