,Annual_Return,Annual_Volatility,Sharpe_Ratio,Max_Drawdown,Information_Ratio,Benchmark_Return,Benchmark_Volatility,Benchmark_Sharpe
0,0.07673734889861236,0.10115643341662471,0.7586007761123856,-0.18209175670105704,0.6080758845634113,0.021843363551974682,0.08595566386621857,0.25412360942231454
