,Annual_Return,Annual_Volatility,Sharpe_Ratio,Max_Drawdown,Information_Ratio,Benchmark_Return,Benchmark_Volatility,Benchmark_Sharpe
0,0.07670628398137308,0.10115902760718103,0.7582742321252591,-0.18209176875462896,0.6097196540695571,0.021657090273253563,0.08597810331209829,0.2518907656597039
