{
    "Enhanced Optimal": {
        "weights": {
            "AGG": 0.0,
            "EEM": 0.0,
            "GLD": 0.3,
            "GSG": 0.0,
            "LQD": 0.0,
            "QQQ": 0.5434478470328512,
            "SLV": 0.0,
            "SPY": 0.0,
            "TLT": 0.0,
            "VGK": 0.0,
            "VNQ": 0.0,
            "VPL": 0.0,
            "VWRA.L": 0.15655215296714872
        },
        "return": 0.16879153440840008,
        "risk": 0.16492767805474873,
        "sharpe": 0.8415296695217367,
        "assets": 3,
        "transaction_costs": 1.3530366582836084e-05,
        "sector_allocations": {
            "Equities": 0.7,
            "Fixed Income": 0.0,
            "Alternative": 0.3
        }
    }
}