{
    "Enhanced Optimal": {
        "weights": {
            "AGG": 0.0,
            "EEM": 0.0,
            "GLD": 0.3,
            "GSG": 0.0,
            "LQD": 0.0,
            "SLV": 0.0,
            "SPY": 0.6174425216791128,
            "TLT": 0.0,
            "VGK": 0.0,
            "VNQ": 0.0,
            "VPL": 0.0,
            "VWRA.L": 0.08255747832088708
        },
        "return": 0.14129946902402943,
        "risk": 0.14795470006123373,
        "sharpe": 0.752253689662891,
        "assets": 3,
        "transaction_costs": 0.00023591437272067457,
        "sector_allocations": {
            "Equities": 0.7,
            "Fixed Income": 0.0,
            "Alternative": 0.3
        }
    }
}