{
    "Enhanced": {
        "weights": {
            "AGG": 0.3269668116608382,
            "EEM": 0.0,
            "GLD": 0.3,
            "GSG": 0.0,
            "LQD": 0.0,
            "QQQ": 0.21814392634172033,
            "SLV": 0.0,
            "SPY": 0.0,
            "TLT": 0.0,
            "VGK": 0.0,
            "VNQ": 0.0,
            "VPL": 0.0,
            "VWRA.L": 0.1548892619974415
        },
        "return": 0.09999999985934613,
        "risk": 0.10111498274503285,
        "sharpe": 0.692281182857491,
        "assets": 4,
        "transaction_costs": 0.0004814939144574277,
        "sector_allocations": {
            "Equities": 0.3730331883391618,
            "Fixed Income": 0.3269668116608382,
            "Alternative": 0.3
        }
    }
}