{
    "Enhanced Optimal": {
        "weights": {
            "AGG": 0.0,
            "EEM": 0.0,
            "GLD": 0.3,
            "GSG": 0.0,
            "LQD": 0.0,
            "QQQ": 0.5460533223893713,
            "SLV": 0.0,
            "SPY": 0.0,
            "TLT": 0.0,
            "VGK": 0.0,
            "VNQ": 0.0,
            "VPL": 0.0,
            "VWRA.L": 0.15394667761062863
        },
        "return": 0.16879154920074024,
        "risk": 0.16523237561848825,
        "sharpe": 0.8399779321771763,
        "assets": 3,
        "transaction_costs": 0.00027008677294385606,
        "sector_allocations": {
            "Equities": 0.7,
            "Fixed Income": 0.0,
            "Alternative": 0.3
        }
    }
}