{
    "Equal-Weighted": {
        "weights": {
            "AGG": 0.07692307692307693,
            "EEM": 0.07692307692307693,
            "GLD": 0.07692307692307693,
            "GSG": 0.07692307692307693,
            "LQD": 0.07692307692307693,
            "QQQ": 0.07692307692307693,
            "SLV": 0.07692307692307693,
            "SPY": 0.07692307692307693,
            "TLT": 0.07692307692307693,
            "VGK": 0.07692307692307693,
            "VNQ": 0.07692307692307693,
            "VPL": 0.07692307692307693,
            "VWRA.L": 0.07692307692307693
        },
        "return": 0.0821200330094198,
        "risk": 0.12946099518505158,
        "sharpe": 0.40259255642921177
    },
    "Target Return": {
        "weights": {
            "AGG": 0.41648108871558787,
            "EEM": 2.74717054442005e-09,
            "GLD": 0.2877458235433598,
            "GSG": 0.036506543905670645,
            "LQD": 1.0723755023872401e-08,
            "QQQ": 0.14242985717958,
            "SLV": 3.5080671328149636e-09,
            "SPY": 1.6246283430174004e-05,
            "TLT": 2.6286846299549813e-09,
            "VGK": 5.0061358141501475e-09,
            "VNQ": 5.6872065175220656e-09,
            "VPL": 5.050344496782745e-09,
            "VWRA.L": 0.11682040502095692
        },
        "return": 0.08212003324243736,
        "risk": 0.08799972348904232,
        "sharpe": 0.5922749660563117
    },
    "Maximum Sharpe": {
        "weights": {
            "AGG": 1.835890498518456e-08,
            "EEM": 7.636653449375982e-09,
            "GLD": 0.5206809628530995,
            "GSG": 1.047537741625512e-07,
            "LQD": 1.4246654454526188e-08,
            "QQQ": 0.46205924683113714,
            "SLV": 1.9351055762080823e-08,
            "SPY": 6.140050489477012e-08,
            "TLT": 1.1493858434626341e-08,
            "VGK": 1.1639563750279411e-08,
            "VNQ": 1.0154640763227632e-08,
            "VPL": 1.0034464470368815e-08,
            "VWRA.L": 0.017259521245692667
        },
        "return": 0.1613762399243398,
        "risk": 0.1494750356366049,
        "sharpe": 0.8789176022926941
    }
}