{
    "Equal-Weighted": {
        "weights": {
            "AGG": 0.07692307692307693,
            "EEM": 0.07692307692307693,
            "GLD": 0.07692307692307693,
            "GSG": 0.07692307692307693,
            "LQD": 0.07692307692307693,
            "QQQ": 0.07692307692307693,
            "SLV": 0.07692307692307693,
            "SPY": 0.07692307692307693,
            "TLT": 0.07692307692307693,
            "VGK": 0.07692307692307693,
            "VNQ": 0.07692307692307693,
            "VPL": 0.07692307692307693,
            "VWRA.L": 0.07692307692307693
        },
        "return": 0.08207679811501697,
        "risk": 0.12946506953230835,
        "sharpe": 0.40224593632200595
    },
    "Target Return": {
        "weights": {
            "AGG": 0.41463836584113223,
            "EEM": 4.222389062197535e-12,
            "GLD": 0.2889347518818473,
            "GSG": 0.03659351396422922,
            "LQD": 1.667588445596968e-11,
            "QQQ": 0.1422782427237358,
            "SLV": 5.105258879924839e-12,
            "SPY": 2.7572661479900273e-08,
            "TLT": 4.597298599303359e-12,
            "VGK": 7.738773408558928e-12,
            "VNQ": 8.830778844479577e-12,
            "VPL": 7.570048045678498e-12,
            "VWRA.L": 0.11755509796177009
        },
        "return": 0.0820767981153936,
        "risk": 0.08813608891256278,
        "sharpe": 0.5908680400721827
    },
    "Maximum Sharpe": {
        "weights": {
            "AGG": 1.9374040643897544e-08,
            "EEM": 8.134156065072243e-09,
            "GLD": 0.5206807605526886,
            "GSG": 1.0884035158786973e-07,
            "LQD": 1.5180667309231974e-08,
            "QQQ": 0.46205928621983733,
            "SLV": 2.0693284107402358e-08,
            "SPY": 6.522700850619743e-08,
            "TLT": 1.2256786010252083e-08,
            "VGK": 1.2412321216323101e-08,
            "VNQ": 1.0829974320543165e-08,
            "VPL": 1.068581109095106e-08,
            "VWRA.L": 0.017259669593074366
        },
        "return": 0.16137623465113413,
        "risk": 0.14947508203243828,
        "sharpe": 0.8789172942057564
    }
}