{
    "Equal-Weighted": {
        "weights": {
            "AGG": 0.07692307692307693,
            "EEM": 0.07692307692307693,
            "GLD": 0.07692307692307693,
            "GSG": 0.07692307692307693,
            "LQD": 0.07692307692307693,
            "QQQ": 0.07692307692307693,
            "SLV": 0.07692307692307693,
            "SPY": 0.07692307692307693,
            "TLT": 0.07692307692307693,
            "VGK": 0.07692307692307693,
            "VNQ": 0.07692307692307693,
            "VPL": 0.07692307692307693,
            "VWRA.L": 0.07692307692307693
        },
        "return": 0.08207678902807,
        "risk": 0.1294650418076899,
        "sharpe": 0.4022459522735563
    },
    "Target Return": {
        "weights": {
            "AGG": 0.4146387233460805,
            "EEM": 4.222711722943687e-12,
            "GLD": 0.28893452275565795,
            "GSG": 0.036593383129732836,
            "LQD": 1.6677393410688326e-11,
            "QQQ": 0.14227861829478888,
            "SLV": 5.105734390133715e-12,
            "SPY": 2.7570717637413397e-08,
            "TLT": 4.597454886149032e-12,
            "VGK": 7.73939151286928e-12,
            "VNQ": 8.831470276268391e-12,
            "VPL": 7.570696593481249e-12,
            "VWRA.L": 0.11755472484835099
        },
        "return": 0.08207678902847619,
        "risk": 0.08813609213169485,
        "sharpe": 0.5908679153900077
    },
    "Maximum Sharpe": {
        "weights": {
            "AGG": 1.9373946790099113e-08,
            "EEM": 8.13411607939966e-09,
            "GLD": 0.5206805355306425,
            "GSG": 1.088423764622514e-07,
            "LQD": 1.518057201844723e-08,
            "QQQ": 0.4620592521004729,
            "SLV": 2.069307245062654e-08,
            "SPY": 6.522653690619771e-08,
            "TLT": 1.2256758565872984e-08,
            "VGK": 1.2412239782790699e-08,
            "VNQ": 1.082991231275426e-08,
            "VPL": 1.06857616002864e-08,
            "VWRA.L": 0.017259928733616998
        },
        "return": 0.1613762289992433,
        "risk": 0.14947503147042907,
        "sharpe": 0.8789175537001558
    }
}