{
    "Equal-Weighted": {
        "weights": {
            "AGG": 0.07692307692307693,
            "EEM": 0.07692307692307693,
            "GLD": 0.07692307692307693,
            "GSG": 0.07692307692307693,
            "LQD": 0.07692307692307693,
            "QQQ": 0.07692307692307693,
            "SLV": 0.07692307692307693,
            "SPY": 0.07692307692307693,
            "TLT": 0.07692307692307693,
            "VGK": 0.07692307692307693,
            "VNQ": 0.07692307692307693,
            "VPL": 0.07692307692307693,
            "VWRA.L": 0.07692307692307693
        },
        "return": 0.08212003630518709,
        "risk": 0.12946098370035689,
        "sharpe": 0.4025926176014636
    },
    "Target Return": {
        "weights": {
            "AGG": 0.4164808588602184,
            "EEM": 2.7474664837371423e-09,
            "GLD": 0.28774560015603995,
            "GSG": 0.03650658133609526,
            "LQD": 1.0724664455685366e-08,
            "QQQ": 0.14242977810538582,
            "SLV": 3.5083087723700763e-09,
            "SPY": 1.62527911555764e-05,
            "TLT": 2.629314031732201e-09,
            "VGK": 5.006591348525932e-09,
            "VNQ": 5.687687058578807e-09,
            "VPL": 5.0507831560828045e-09,
            "VWRA.L": 0.11682089339624034
        },
        "return": 0.08212003653823907,
        "risk": 0.08799970812484932,
        "sharpe": 0.5922751069161949
    },
    "Maximum Sharpe": {
        "weights": {
            "AGG": 1.836239247538502e-08,
            "EEM": 7.638064756386604e-09,
            "GLD": 0.5206807429875139,
            "GSG": 1.0476909810961852e-07,
            "LQD": 1.4249275145731942e-08,
            "QQQ": 0.46205913230343565,
            "SLV": 1.935481697067326e-08,
            "SPY": 6.141182882381501e-08,
            "TLT": 1.1495992478288678e-08,
            "VGK": 1.1641726398659423e-08,
            "VNQ": 1.0156533309463596e-08,
            "VPL": 1.0036303102884842e-08,
            "VWRA.L": 0.017259855593058433
        },
        "return": 0.16137620229780628,
        "risk": 0.14947498558010433,
        "sharpe": 0.87891764490187
    }
}