{
    "Enhanced Optimal": {
        "weights": {
            "AGG": 0.0,
            "EEM": 0.0,
            "GLD": 0.3,
            "GSG": 0.0,
            "LQD": 0.0,
            "QQQ": 0.5434477577088205,
            "SLV": 0.0,
            "SPY": 0.0,
            "TLT": 0.0,
            "VGK": 0.0,
            "VNQ": 0.0,
            "VPL": 0.0,
            "VWRA.L": 0.15655224229117953
        },
        "return": 0.16879150699735468,
        "risk": 0.16492763729487966,
        "sharpe": 0.8415297112951705,
        "assets": 3,
        "transaction_costs": 1.3530378860318979e-05,
        "sector_allocations": {
            "Equities": 0.7,
            "Fixed Income": 0.0,
            "Alternative": 0.3
        }
    }
}