,Model,First_Period_Return,Second_Period_Return,Return_Difference
0,Unconstrained,0.09502020551766285,0.14274813700010547,0.047727931482442615
1,Asset-Class Constrained,0.05568654813527849,0.10178929855619734,0.046102750420918846
2,Simplified 6-ETF,0.05589393932820644,0.09829945301925708,0.04240551369105064
