,Model,First_Period_Return,Second_Period_Return,Return_Difference
0,Unconstrained,0.09502023691272429,0.14274810496339577,0.047727868050671474
1,Asset-Class Constrained,0.055665113204050355,0.10211823887436167,0.04645312567031131
2,Simplified 6-ETF,0.055893958811148364,0.09823627553677791,0.04234231672562955
