,Model,First_Period_Return,Second_Period_Return,Return_Difference
0,Unconstrained,0.09502026639235318,0.1427481141628026,0.0477278477704494
1,Asset-Class Constrained,0.05568660468797717,0.10178919695623635,0.046102592268259183
2,Simplified 6-ETF,0.05589399288648605,0.09829944132494994,0.042405448438463895
