{
    "Enhanced Optimal": {
        "weights": {
            "AGG": 0.0,
            "EEM": 0.0,
            "GLD": 0.3,
            "GSG": 0.0,
            "LQD": 0.0,
            "QQQ": 0.5434476959784063,
            "SLV": 0.0,
            "SPY": 0.0,
            "TLT": 0.0,
            "VGK": 0.0,
            "VNQ": 0.0,
            "VPL": 0.0,
            "VWRA.L": 0.15655230402159362
        },
        "return": 0.16879149987134529,
        "risk": 0.1649276068741241,
        "sharpe": 0.841529823307711,
        "assets": 3,
        "transaction_costs": 1.3530385734853116e-05,
        "sector_allocations": {
            "Equities": 0.6999999999999998,
            "Fixed Income": 0.0,
            "Alternative": 0.3
        }
    }
}