{
    "Equal-Weighted": {
        "weights": {
            "AGG": 0.07692307692307693,
            "EEM": 0.07692307692307693,
            "GLD": 0.07692307692307693,
            "GSG": 0.07692307692307693,
            "LQD": 0.07692307692307693,
            "QQQ": 0.07692307692307693,
            "SLV": 0.07692307692307693,
            "SPY": 0.07692307692307693,
            "TLT": 0.07692307692307693,
            "VGK": 0.07692307692307693,
            "VNQ": 0.07692307692307693,
            "VPL": 0.07692307692307693,
            "VWRA.L": 0.07692307692307693
        },
        "return": 0.08212004406653813,
        "risk": 0.12946102547588406,
        "sharpe": 0.4025925476408884
    },
    "Target Return": {
        "weights": {
            "AGG": 0.41648061886099647,
            "EEM": 2.7472073854895924e-09,
            "GLD": 0.2877459863213264,
            "GSG": 0.03650639418484823,
            "LQD": 1.0723649878416664e-08,
            "QQQ": 0.14242950537492505,
            "SLV": 3.508032077974006e-09,
            "SPY": 1.6248930730026426e-05,
            "TLT": 2.6288382275496685e-09,
            "VGK": 5.006207049737055e-09,
            "VNQ": 5.687269702666438e-09,
            "VPL": 5.050358910710221e-09,
            "VWRA.L": 0.11682121097565418
        },
        "return": 0.08212004429957763,
        "risk": 0.08799970220945225,
        "sharpe": 0.5922752349266394
    },
    "Maximum Sharpe": {
        "weights": {
            "AGG": 1.836363843367084e-08,
            "EEM": 7.638579277966582e-09,
            "GLD": 0.5206804433096562,
            "GSG": 1.0477335332565753e-07,
            "LQD": 1.4250214592740151e-08,
            "QQQ": 0.4620591613338989,
            "SLV": 1.935621826933316e-08,
            "SPY": 6.141591302977022e-08,
            "TLT": 1.1496746706362446e-08,
            "VGK": 1.1642538179008514e-08,
            "VNQ": 1.0157220115439321e-08,
            "VPL": 1.003697232940495e-08,
            "VWRA.L": 0.017260126225026918
        },
        "return": 0.16137620022033214,
        "risk": 0.1494750238592552,
        "sharpe": 0.8789174059208392
    }
}